{"cameraMode":{"drawMode":0,"name":"Shaded","section":"Shading Mode"},"sceneLighting":false,"audioPlay":false,"sceneViewState":{"m_AlwaysRefresh":false,"showFog":true,"showSkybox":false,"showFlares":true,"showImageEffects":true,"showParticleSystems":true,"showVisualEffectGraphs":true,"m_FxEnabled":true},"in2DMode":false,"pivot":{"x":0.00020879507064819336,"y":0.08000004291534424,"z":-0.37800753116607668},"rotation":{"x":0.0032716926652938129,"y":-0.9692198038101196,"z":0.01341814361512661,"w":0.24619421362876893},"size":1.3862559795379639,"orthographic":false}