{"cameraMode":{"drawMode":0,"name":"Shaded","section":"Shading Mode"},"sceneLighting":false,"audioPlay":false,"sceneViewState":{"m_AlwaysRefresh":false,"showFog":true,"showSkybox":false,"showFlares":true,"showImageEffects":true,"showParticleSystems":true,"showVisualEffectGraphs":true,"m_FxEnabled":true},"in2DMode":false,"pivot":{"x":936.6248779296875,"y":111.09469604492188,"z":1.6875762939453126},"rotation":{"x":0.05729534476995468,"y":0.008707869797945023,"z":0.0003906181955244392,"w":0.9986292719841003},"size":157.6190948486328,"orthographic":false}